Workbook

Sheet Довідник
A1: Звання
A2: Солдат
A3: Старший солдат
A4: Молодший сержант
A5: Сержант
A6: Старший сержант
A7: Прапорщик
A8: Лейтенант
A9: Старший лейтенант
A10: Капітан
A11: Майор

Sheet Особовий_склад
A1: № | B1: Посада | C1: Звання | D1: ФІО
A2: 1
A3: 2
A4: 3
A5: 4
A6: 5
A7: 6
A8: 7
A9: 8
A10: 9
A11: 10
A12: 11
A13: 12
... A301: 300

Sheet Наряды
A1: № | B1: Посада | C1: Звание | D1: ФІО | E1: Дата заступления
A2: =ROW()-1
A3: =ROW()-1
A4: =ROW()-1
A5: =ROW()-1
A6: =ROW()-1
A7: =ROW()-1
A8: =ROW()-1
A9: =ROW()-1
A10: =ROW()-1
A11: =ROW()-1
A12: =ROW()-1
A13: =ROW()-1
... A501: =ROW()-1

Sheet Звільнення
A1: № | B1: Посада | C1: Звание | D1: ФІО | E1: Дата звільнення
A2: =ROW()-1
A3: =ROW()-1
A4: =ROW()-1
A5: =ROW()-1
A6: =ROW()-1
A7: =ROW()-1
A8: =ROW()-1
A9: =ROW()-1
A10: =ROW()-1
A11: =ROW()-1
A12: =ROW()-1
A13: =ROW()-1
... A301: =ROW()-1

Sheet Статистика
A1: ФІО | B1: Кількість нарядів
A2: =IF(Особовий_склад!D2="","",Особовий_склад!D2) | B2: =IF(A2="","",COUNTIF(Наряды!$D$2:$D$501,A2))
A3: =IF(Особовий_склад!D3="","",Особовий_склад!D3) | B3: =IF(A3="","",COUNTIF(Наряды!$D$2:$D$501,A3))
A4: =IF(Особовий_склад!D4="","",Особовий_склад!D4) | B4: =IF(A4="","",COUNTIF(Наряды!$D$2:$D$501,A4))
A5: =IF(Особовий_склад!D5="","",Особовий_склад!D5) | B5: =IF(A5="","",COUNTIF(Наряды!$D$2:$D$501,A5))
A6: =IF(Особовий_склад!D6="","",Особовий_склад!D6) | B6: =IF(A6="","",COUNTIF(Наряды!$D$2:$D$501,A6))
A7: =IF(Особовий_склад!D7="","",Особовий_склад!D7) | B7: =IF(A7="","",COUNTIF(Наряды!$D$2:$D$501,A7))
A8: =IF(Особовий_склад!D8="","",Особовий_склад!D8) | B8: =IF(A8="","",COUNTIF(Наряды!$D$2:$D$501,A8))
A9: =IF(Особовий_склад!D9="","",Особовий_склад!D9) | B9: =IF(A9="","",COUNTIF(Наряды!$D$2:$D$501,A9))
A10: =IF(Особовий_склад!D10="","",Особовий_склад!D10) | B10: =IF(A10="","",COUNTIF(Наряды!$D$2:$D$501,A10))
A11: =IF(Особовий_склад!D11="","",Особовий_склад!D11) | B11: =IF(A11="","",COUNTIF(Наряды!$D$2:$D$501,A11))
A12: =IF(Особовий_склад!D12="","",Особовий_склад!D12) | B12: =IF(A12="","",COUNTIF(Наряды!$D$2:$D$501,A12))
A13: =IF(Особовий_склад!D13="","",Особовий_склад!D13) | B13: =IF(A13="","",COUNTIF(Наряды!$D$2:$D$501,A13))
... A301: =IF(Особовий_склад!D301="","",Особовий_склад!D301) | B301: =IF(A301="","",COUNTIF(Наряды!$D$2:$D$501,A301))

Sheet Черга
A1: Наступний в наряд | B1: =IFERROR(INDEX(Статистика!$A$2:$A$301,MATCH(MINIFS(Статистика!$B$2:$B$301,Статистика!$A$2:$A$301,"<>",Статистика!$A$2:$A$301,"<>"&B3),Статистика!$B$2:$B$301,0)),"")
A3: Останній в наряді | B3: =IFERROR(LOOKUP(2,1/(Наряды!$D$2:$D$501 <>""),Наряды!$D$2:$D$501),"")

Sheet Графики
A1: Діаграма кількості нарядів по людям
